,layer_id,name,D,M,N,Q,alpha,alpha_weighted,entropy,has_esd,lambda_max,layer_type,log_alpha_norm,log_norm,log_spectral_norm,longname,matrix_rank,norm,num_evals,num_pl_spikes,rank_loss,rf,sigma,spectral_norm,stable_rank,status,sv_max,sv_min,warning,weak_rank_loss,xmax,xmin
0,3,Embedding,0.07359278767463728,768,30522,39.7421875,3.0267653358110547,13.470692768648924,0.663236302330664,True,28217.87,embedding,13.470743343039903,4.785976,4.4505243,bert.embeddings.word_embeddings,768,61090.76,768,355,0,1,0.10756953501445558,28217.87,2.1649673,success,167.98175048828125,1.7026110887527466,,0,28217.869140625,36.34254837036133
1,4,Embedding,0.10000405519288835,512,768,1.5,1.7135292459105487,1.7078124826238776,0.6264303983208465,True,9.923474,embedding,2.467356573669849,2.0066278,0.99666375,bert.embeddings.position_embeddings,512,101.53775,512,311,0,1,0.04046053155122062,9.923474,10.232077,success,3.1501545906066895,0.019399207085371017,over-trained,0,9.923474311828613,0.012243149802088737
2,13,Linear,0.041366108071163754,768,768,1.0,2.8925907745871084,4.036131650654732,0.9106483933689435,True,24.85046,dense,4.737800312527776,3.0401583,1.3953345,bert.encoder.layer.0.attention.self.query,766,1096.8774,768,94,2,1,0.19520583353825305,24.85046,44.139122,success,4.985023498535156,2.7138115910929628e-05,,2,24.850460052490234,3.355412244796753
3,14,Linear,0.046416829590546604,768,768,1.0,3.205469238737796,5.026617749710191,0.9095384529501848,True,36.99455,dense,5.312644495529264,3.0334723,1.5681379,bert.encoder.layer.0.attention.self.key,768,1080.1204,768,87,0,1,0.236451121604996,36.99455,29.196743,success,6.082314491271973,0.002191683044657111,,0,36.99454879760742,3.5866951942443848
4,15,Linear,0.09198209468273,768,768,1.0,4.257152664270418,2.9581245142024146,0.936311294907231,True,4.952903,dense,3.9910520927290833,2.6899326,0.69485986,bert.encoder.layer.0.attention.self.value,768,489.70267,768,58,0,1,0.42768509762489004,4.952903,98.87185,success,2.2255117893218994,0.0009699887596070766,,1,4.952902793884277,2.14753794670105
5,18,Linear,0.06030895634821387,768,768,1.0,2.5188181141343837,2.274806077968374,0.917377662685449,True,8.000633,dense,3.3308912038331964,2.6828277,0.9031244,bert.encoder.layer.0.attention.output.dense,768,481.75647,768,138,0,1,0.12929038386915806,8.000633,60.214794,success,2.8285391330718994,0.0007203385466709733,,1,8.000633239746094,1.0392568111419678
6,22,Linear,0.05867033511656894,768,3072,4.0,3.3643120986276216,7.452579867474962,0.9711777778464423,True,164.12952,dense,7.518926779257473,3.5191107,2.2151868,bert.encoder.layer.0.intermediate.dense,768,3304.5374,768,223,0,1,0.15832604860506103,164.12952,20.133718,success,12.811304092407227,0.461005836725235,,0,164.1295166015625,4.790542125701904
7,25,Linear,0.03646862531078321,768,3072,4.0,3.5595461624467224,6.087582777342643,1.000716922638271,True,51.311317,dense,6.346001719283971,3.4817839,1.7102132,bert.encoder.layer.0.output.dense,768,3032.3813,768,32,0,1,0.45246811205652043,51.311317,59.09771,success,7.163191795349121,0.39766961336135864,,0,51.311317443847656,9.077798843383789
8,31,Linear,0.04427361740130731,768,768,1.0,2.7301844354175424,3.5605729205228256,0.9148988061535828,True,20.144245,dense,4.498982364085489,3.028267,1.304151,bert.encoder.layer.1.attention.self.query,768,1067.2511,768,134,0,1,0.1494651704189527,20.144245,52.980446,success,4.488234043121338,0.0005853365291841328,,1,20.144245147705078,2.424671173095703
9,32,Linear,0.03195550117092627,768,768,1.0,2.707482437074154,4.150287497438541,0.9028793161518869,True,34.111073,dense,4.674986779064456,3.0280929,1.5328954,bert.encoder.layer.1.attention.self.key,768,1066.8235,768,110,0,1,0.16280206255440968,34.111073,31.27499,success,5.840468406677246,0.0009293816983699799,,1,34.1110725402832,2.7370147705078125
10,33,Linear,0.06424295415871478,768,768,1.0,3.1560192041750788,2.5689383403369095,0.9296060088023724,True,6.5159926,dense,3.5598869130695205,2.676345,0.8139806,bert.encoder.layer.1.attention.self.value,768,474.61902,768,86,0,1,0.23248952986606905,6.5159926,72.839096,success,2.5526442527770996,0.0009047823259606957,,1,6.515992641448975,1.5733085870742798
11,36,Linear,0.07223286421298297,768,768,1.0,2.538633284281593,2.0070864524241583,0.9243623566448026,True,6.174715,dense,3.2260601643859648,2.6651325,0.7906169,bert.encoder.layer.1.attention.output.dense,768,462.52222,768,162,0,1,0.12088644767498259,6.174715,74.90584,success,2.4848973751068115,0.00134062091819942,,0,6.174715042114258,0.9079974889755249
12,40,Linear,0.0457785926018458,768,3072,4.0,2.703040852323582,5.9251465124838605,0.9728314015216465,True,155.60727,dense,6.115196851103309,3.5599961,2.19203,bert.encoder.layer.1.intermediate.dense,768,3630.748,768,39,0,1,0.2727047875372172,155.60727,23.332766,success,12.474264144897461,0.39487552642822266,,0,155.60726928710938,9.954466819763184
13,43,Linear,0.02969034011866012,768,3072,4.0,3.8354044091688775,7.358898461945733,0.9920277905261942,True,82.923195,dense,7.431419867905114,3.529314,1.918676,bert.encoder.layer.1.output.dense,768,3383.0933,768,86,0,1,0.30574952059393684,82.923195,40.797913,success,9.106217384338379,0.3711937963962555,,0,82.9231948852539,8.263753890991211
14,49,Linear,0.06650078000062953,768,768,1.0,2.460938522312185,4.503779284569045,0.8689547938039252,True,67.624855,dense,5.013251422520133,3.1286542,1.8301064,bert.encoder.layer.2.attention.self.query,767,1344.789,768,181,1,1,0.10859070516616325,67.624855,19.886015,success,8.223433494567871,5.621058153337799e-05,,1,67.6248550415039,2.0229971408843994
15,50,Linear,0.0531121998206503,768,768,1.0,2.4173322534126256,4.236101728725898,0.863230315261407,True,56.544067,dense,4.856950082067753,3.108747,1.752387,bert.encoder.layer.2.attention.self.key,768,1284.5372,768,164,0,1,0.11067505493075243,56.544067,22.717453,success,7.51957893371582,0.0007557994103990495,,1,56.5440673828125,2.0813629627227783
16,51,Linear,0.08377189198952512,768,768,1.0,2.6355974852766506,2.1358244460939497,0.9298857037443112,True,6.4621315,dense,3.224109876831064,2.6620893,0.8103758,bert.encoder.layer.2.attention.self.value,768,459.29257,768,162,0,1,0.12850467479230934,6.4621315,71.07447,success,2.542072296142578,0.0012355049839243293,,0,6.462131500244141,0.9360648393630981
17,54,Linear,0.07823998458284342,768,768,1.0,5.198484654585857,4.0690993547812875,0.9326862417567445,True,6.0638328,dense,4.550004253943916,2.6364555,0.7827472,bert.encoder.layer.2.attention.output.dense,768,432.96774,768,24,0,1,0.8570120913867194,6.0638328,71.401665,success,2.4624850749969482,0.0006179905030876398,,1,6.063832759857178,2.694946050643921
18,58,Linear,0.03063997059350909,768,3072,4.0,3.0400432501154393,6.674808210429751,0.974835128334335,True,156.90225,dense,6.742205940040825,3.5743377,2.1956294,bert.encoder.layer.2.intermediate.dense,768,3752.646,768,210,0,1,0.1407763586473505,156.90225,23.917095,success,12.526062965393066,0.47553643584251404,,0,156.90225219726562,5.447066783905029
19,61,Linear,0.01946950119462143,768,3072,4.0,3.500867531021699,6.390842899334847,0.992643162461576,True,66.91178,dense,6.617016857727324,3.5383992,1.8255026,bert.encoder.layer.2.output.dense,768,3454.611,768,106,0,1,0.2429057276509693,66.91178,51.62934,success,8.179962158203125,0.38248729705810547,,0,66.91178131103516,7.5232110023498535
20,67,Linear,0.036276075829105636,768,768,1.0,2.8355453319231545,3.720444476669181,0.9199730767194216,True,20.5151,dense,4.5596581652784245,3.0379298,1.3120737,bert.encoder.layer.3.attention.self.query,768,1091.2635,768,116,0,1,0.17042610557538956,20.5151,53.193184,success,4.529359817504883,0.0006240163929760456,,1,20.515100479125977,2.825644016265869
21,68,Linear,0.03816303805588617,768,768,1.0,2.8346905031578657,4.2696012491602655,0.9089091246102631,True,32.077206,dense,4.816240655429678,3.034325,1.5061966,bert.encoder.layer.3.attention.self.key,767,1082.2427,768,121,1,1,0.16679004574162415,32.077206,33.73868,success,5.663674354553223,0.00021083469619043171,,1,32.077205657958984,2.6617980003356934
22,69,Linear,0.08665816733550724,768,768,1.0,3.059876152424434,2.7909885973528534,0.9229033064845065,True,8.168168,dense,3.790526083663498,2.7581687,0.9121247,bert.encoder.layer.3.attention.self.value,768,573.0186,768,91,0,1,0.2159336936111621,8.168168,70.15265,success,2.8580007553100586,0.000356430362444371,,1,8.168168067932129,1.907094955444336
23,72,Linear,0.06998000865262421,768,768,1.0,5.039482834960196,4.036535032268654,0.9356771187442924,True,6.323856,dense,4.665971892087853,2.697406,0.800982,bert.encoder.layer.3.attention.output.dense,768,498.20267,768,27,0,1,0.7773988340503805,6.323856,78.78147,success,2.514727830886841,0.0003300900280009955,,2,6.323855876922607,2.9189910888671875
24,76,Linear,0.014178415322770421,768,3072,4.0,3.2454059140408473,7.140494381099652,0.9809361671422516,True,158.55688,dense,7.175666717043074,3.5867403,2.2001853,bert.encoder.layer.3.intermediate.dense,768,3861.3584,768,160,0,1,0.17751492399953328,158.55688,24.353142,success,12.591937065124512,0.39297789335250854,,0,158.556884765625,6.675472259521484
25,79,Linear,0.02117616236807285,768,3072,4.0,3.5637258248308967,7.312745163884683,0.9885982439248073,True,112.71821,dense,7.357043584323015,3.5617757,2.0519943,bert.encoder.layer.3.output.dense,768,3645.6548,768,89,0,1,0.2717543939238307,112.71821,32.343086,success,10.616883277893066,0.36053046584129333,,0,112.71820831298828,8.569534301757812
26,85,Linear,0.06062871565790079,768,768,1.0,3.0363985724845466,4.226127360571843,0.9245574325627368,True,24.650303,dense,4.69317760305745,3.0189795,1.3918223,bert.encoder.layer.4.attention.self.query,768,1044.6708,768,104,0,1,0.19968530881829222,24.650303,42.37963,success,4.964907169342041,0.0013941836077719927,,0,24.65030288696289,3.057220220565796
27,86,Linear,0.029152336363758247,768,768,1.0,3.125974044740221,4.64569994693378,0.9204480628948774,True,30.63096,dense,4.984723242854599,3.0139234,1.4861608,bert.encoder.layer.4.attention.self.key,768,1032.5789,768,83,0,1,0.2333559677781992,30.63096,33.7103,success,5.534524440765381,0.0008696204167790711,,1,30.63096046447754,3.3269782066345215
28,87,Linear,0.09733456030948145,768,768,1.0,3.353115321621194,3.0871803452390267,0.931826486634988,True,8.330866,dense,4.1858564325727325,2.8566444,0.9206902,bert.encoder.layer.4.attention.self.value,768,718.86005,768,82,0,1,0.25985811599673175,8.330866,86.28876,success,2.886323928833008,0.0009192885481752455,,1,8.330865859985352,2.5575075149536133
29,90,Linear,0.07622771025451092,768,768,1.0,5.867302125585188,4.907684815964562,0.9451728685046885,True,6.8619347,dense,5.44670283747756,2.7950451,0.8364466,bert.encoder.layer.4.attention.output.dense,767,623.79974,768,25,1,1,0.9734604251170376,6.8619347,90.90727,success,2.6195294857025146,9.293886250816286e-05,,1,6.861934661865234,3.4501214027404785
30,94,Linear,0.015152972493739036,768,3072,4.0,3.47469019499964,7.62850302420864,0.9848594323747898,True,156.83687,dense,7.647840519026192,3.5932372,2.1954484,bert.encoder.layer.4.intermediate.dense,768,3919.5583,768,126,0,1,0.22046292495470113,156.83687,24.991306,success,12.523452758789062,0.4589664936065674,,0,156.8368682861328,7.762420654296875
31,97,Linear,0.025916413071969735,768,3072,4.0,3.4447998542361713,6.735049953049096,0.9879510052831846,True,90.18522,dense,6.915876326833238,3.5739224,1.9551353,bert.encoder.layer.4.output.dense,768,3749.0596,768,116,0,1,0.22699396785379647,90.18522,41.570667,success,9.496589660644531,0.38148608803749084,,0,90.18521881103516,7.967471122741699
32,103,Linear,0.03680881817968712,768,768,1.0,3.323424858151066,4.489340265368453,0.925030696213531,True,22.429384,dense,5.03096095587305,3.0452368,1.3508174,bert.encoder.layer.5.attention.self.query,768,1109.7795,768,85,0,1,0.2520108090929785,22.429384,49.478825,success,4.73596715927124,0.0006496538990177214,,1,22.429384231567383,3.7552380561828613
33,104,Linear,0.04034790430525603,768,768,1.0,2.9541247086415168,4.361622961451487,0.9118360527026832,True,29.953793,dense,4.994187005996793,3.0446818,1.4764519,bert.encoder.layer.5.attention.self.key,767,1108.3618,768,118,1,1,0.17989176069833368,29.953793,37.002388,success,5.473005771636963,7.60747934691608e-05,,1,29.953792572021484,2.8094303607940674
34,105,Linear,0.08440527044422452,768,768,1.0,3.270901688151843,2.999232205994296,0.9351121306552643,True,8.259306,dense,4.098108881516901,2.8570235,0.91694355,bert.encoder.layer.5.attention.self.value,768,719.4877,768,89,0,1,0.24071509751438178,8.259306,87.112366,success,2.873900890350342,0.0003677909553516656,,1,8.259305953979492,2.362921714782715
35,108,Linear,0.06381237163868286,768,768,1.0,7.248682136987678,5.807511720886912,0.9493236750717774,True,6.3267655,dense,6.247401455297645,2.8119183,0.80118173,bert.encoder.layer.5.attention.output.dense,767,648.51227,768,17,1,1,1.5155280277476753,6.3267655,102.50297,success,2.515306234359741,2.059026519418694e-05,under-trained,1,6.326765537261963,3.708570957183838
36,112,Linear,0.023817250397362266,768,3072,4.0,3.582470945436815,7.7505941470216095,0.9878162177284088,True,145.70583,dense,7.765722400018764,3.5887704,2.1634772,bert.encoder.layer.5.intermediate.dense,768,3879.4507,768,119,0,1,0.23673472343009522,145.70583,26.625227,success,12.070866584777832,0.43244031071662903,,0,145.70582580566406,8.019771575927734
37,115,Linear,0.040705600658217767,768,3072,4.0,3.3747907240008326,6.2659661028983455,0.9888074588993395,True,71.89484,dense,6.532598874051033,3.5615077,1.8566977,bert.encoder.layer.5.output.dense,768,3643.407,768,119,0,1,0.21769670874481012,71.89484,50.676895,success,8.479082107543945,0.37650027871131897,,0,71.89483642578125,7.754378318786621
38,121,Linear,0.06748582853280127,768,768,1.0,2.842700769376738,3.6882260399770996,0.9188690647221712,True,19.835232,dense,4.524534086464353,3.0373237,1.2974373,bert.encoder.layer.6.attention.self.query,767,1089.7418,768,108,1,1,0.1773139642059317,19.835232,54.93971,success,4.453676223754883,0.0003425730101298541,,1,19.83523178100586,3.0703883171081543
39,122,Linear,0.035239447846755145,768,768,1.0,2.8970773662392793,4.176947776078282,0.9086703722925635,True,27.65539,dense,4.842549750813396,3.0368464,1.4417799,bert.encoder.layer.6.attention.self.key,768,1088.5446,768,95,0,1,0.19463603099922203,27.65539,39.361027,success,5.258839130401611,0.0009633536101318896,,1,27.6553897857666,3.20936918258667
40,123,Linear,0.08737096967528457,768,768,1.0,6.383259192521513,5.440907159769542,0.9428310507516553,True,7.118219,dense,6.089008242414395,2.8348618,0.85237134,bert.encoder.layer.6.attention.self.value,768,683.694,768,23,0,1,1.122487136245985,7.118219,96.04846,success,2.667999029159546,0.0012027270859107375,under-trained,0,7.118218898773193,4.119899272918701
41,126,Linear,0.07263304649302338,768,768,1.0,7.229935666372842,5.558863800824532,0.9536769897728942,True,5.873103,dense,5.95492509586374,2.7871077,0.7688677,bert.encoder.layer.6.attention.output.dense,767,612.5023,768,19,1,1,1.4292452628673125,5.873103,104.28938,success,2.4234485626220703,0.0001723344757920131,under-trained,1,5.873103141784668,3.3395235538482666
42,130,Linear,0.016264510709076974,768,3072,4.0,3.624577052876526,7.820813215138928,0.9888101144581929,True,143.7862,dense,7.836314446715294,3.5931566,2.1577175,bert.encoder.layer.6.intermediate.dense,768,3918.831,768,101,0,1,0.2611551776183873,143.7862,27.254572,success,11.991087913513184,0.4268813133239746,,0,143.78619384765625,8.604745864868164
43,133,Linear,0.04824872480586195,768,3072,4.0,4.352889592859293,7.63098500788121,0.9872927137749826,True,56.635,dense,7.830515758237403,3.5502756,1.7530849,bert.encoder.layer.6.output.dense,768,3550.3853,768,30,0,1,0.6121510876111158,56.635,62.688892,success,7.525622844696045,0.3601799011230469,,0,56.6349983215332,15.083512306213379
44,139,Linear,0.055309723924992005,768,768,1.0,2.8965736144869245,3.917689251674869,0.9086564381048473,True,22.517767,dense,4.729769741800368,3.044947,1.3525254,bert.encoder.layer.7.attention.self.query,767,1109.0386,768,87,1,1,0.2033340345334055,22.517767,49.251713,success,4.745288848876953,0.00016962741210591048,,2,22.51776695251465,3.66044282913208
45,140,Linear,0.03666799482916633,768,768,1.0,2.730154468573028,3.9087445538743384,0.8965273422730103,True,27.020502,dense,4.77751824975301,3.0475922,1.4316936,bert.encoder.layer.7.attention.self.key,767,1115.8143,768,91,1,1,0.18136946945917742,27.020502,41.2951,success,5.198124885559082,0.0004512086743488908,,1,27.0205020904541,3.30277681350708
46,141,Linear,0.06911785691308503,768,768,1.0,4.324297327000856,3.093483659432602,0.9561795403016912,True,5.1924524,dense,4.163185556390495,2.8054018,0.71537256,bert.encoder.layer.7.attention.self.value,768,638.8542,768,93,0,1,0.34471357470213604,5.1924524,123.03516,success,2.2786953449249268,0.0012881321599707007,,0,5.192452430725098,2.028369665145874
47,144,Linear,0.07947733992921918,768,768,1.0,4.973962268200031,3.1674031188271345,0.966353919303294,True,4.3330803,dense,4.093486802823435,2.772645,0.6367968,bert.encoder.layer.7.attention.output.dense,768,592.4407,768,79,0,1,0.44710568666883943,4.3330803,136.72507,success,2.0816051959991455,0.0009654750465415418,,1,4.333080291748047,1.88175368309021
48,148,Linear,0.012278044275748079,768,3072,4.0,3.6623518883958264,7.8234914763288534,0.9876746836187081,True,136.83368,dense,7.835986487007925,3.5574396,2.1361933,bert.encoder.layer.7.intermediate.dense,768,3609.437,768,112,0,1,0.25156860711566237,136.83368,26.378279,success,11.697592735290527,0.3112453818321228,,0,136.83367919921875,7.660956382751465
49,151,Linear,0.04291561541401334,768,3072,4.0,5.112004332378058,8.451642876269196,0.9986508260784578,True,45.00836,dense,8.556562685904023,3.5209453,1.6532934,bert.encoder.layer.7.output.dense,768,3318.5266,768,23,0,1,0.8574121739659638,45.00836,73.73134,success,6.708827018737793,0.31764134764671326,,0,45.00836181640625,13.661992073059082
50,157,Linear,0.05997989435386808,768,768,1.0,3.3186459365253262,4.249669514180021,0.9204955040949342,True,19.078453,dense,5.019172234621904,3.0581186,1.2805432,bert.encoder.layer.8.attention.self.query,768,1143.1898,768,69,0,1,0.27913216907245364,19.078453,59.920467,success,4.367888927459717,0.0010465376544743776,,0,19.078453063964844,4.518287181854248
51,158,Linear,0.03567583874696545,768,768,1.0,2.8793847085747806,4.116953277463796,0.9111139579418941,True,26.903147,dense,4.804882479506783,3.0603092,1.4298031,bert.encoder.layer.8.attention.self.key,767,1148.9705,768,89,1,1,0.19921438068056382,26.903147,42.70766,success,5.186824321746826,0.0002566497423686087,,1,26.903146743774414,3.588104248046875
52,159,Linear,0.1000192651955561,768,768,1.0,3.467681024133215,2.867114595772131,0.9449350428540254,True,6.7113566,dense,4.111850224023562,2.8689775,0.82681036,bert.encoder.layer.8.attention.self.value,768,739.56696,768,104,0,1,0.24197603260342102,6.7113566,110.19634,success,2.5906286239624023,0.0008415905176661909,,1,6.7113566398620605,2.243138313293457
53,162,Linear,0.058011125742419734,768,768,1.0,7.31585194786484,6.875414725308168,0.9524326185313916,True,8.705563,dense,6.958159418090976,2.8224118,0.93979686,bert.encoder.layer.8.attention.output.dense,768,664.3725,768,15,0,1,1.6307459607461467,8.705563,76.31586,success,2.95051908493042,0.0008008807199075818,under-trained,1,8.705562591552734,4.103977680206299
54,166,Linear,0.017914453035521083,768,3072,4.0,3.748347952347168,8.025268495414347,0.9871039537808078,True,138.36131,dense,8.035923733317585,3.5552237,2.1410148,bert.encoder.layer.8.intermediate.dense,768,3591.0686,768,112,0,1,0.25969447136372154,138.36131,25.954283,success,11.76270866394043,0.3143046498298645,,0,138.36131286621094,7.688930034637451
55,169,Linear,0.027706755673075845,768,3072,4.0,4.6941767528926,8.440288062558066,1.003607964967303,True,62.8107,dense,8.457882828963994,3.5173872,1.7980337,bert.encoder.layer.8.output.dense,768,3291.4485,768,45,0,1,0.5506953560244865,62.8107,52.40267,success,7.925320148468018,0.29556187987327576,,0,62.810699462890625,9.613190650939941
56,175,Linear,0.05282079451209687,768,768,1.0,3.649173282845529,4.810391959737154,0.9307646408943157,True,20.807222,dense,5.413015916945344,3.094323,1.3182142,bert.encoder.layer.9.attention.self.query,767,1242.5756,768,53,1,1,0.36389193612946175,20.807222,59.718475,success,4.561493396759033,2.1718013158533722e-05,,2,20.807222366333008,5.41420841217041
57,176,Linear,0.045073605308727616,768,768,1.0,3.242876301794366,4.687104958280183,0.9250902668580804,True,27.883936,dense,5.201804309773012,3.09489,1.4453542,bert.encoder.layer.9.attention.self.key,768,1244.1992,768,72,0,1,0.2643255070602336,27.883936,44.620644,success,5.280524253845215,0.0006437189877033234,,1,27.883935928344727,4.46818208694458
58,177,Linear,0.07208137808481518,768,768,1.0,6.682089622589364,4.807371209177365,0.9585996874513388,True,5.241327,dense,5.625358466395427,2.8464673,0.7194413,bert.encoder.layer.9.attention.self.value,768,702.21014,768,38,0,1,0.9217566535688048,5.241327,133.97565,success,2.2893943786621094,0.001907596830278635,under-trained,0,5.241326808929443,3.0379045009613037
59,180,Linear,0.04214564424086242,768,768,1.0,6.537439819663073,5.658606776336172,0.9649379782439375,True,7.3378563,dense,5.757707516657203,2.7998953,0.86556923,bert.encoder.layer.9.attention.output.dense,767,630.8052,768,21,1,1,1.20836843475565,7.3378563,85.965866,success,2.708847761154175,1.2636504607144161e-06,under-trained,1,7.337856292724609,2.9574434757232666
60,184,Linear,0.021491305015798212,768,3072,4.0,3.6013332946718943,8.168798904780264,0.9761709462094609,True,185.46867,dense,8.186396402600867,3.5701387,2.2682707,bert.encoder.layer.9.intermediate.dense,768,3716.5386,768,93,0,1,0.26974569684687016,185.46867,20.038633,success,13.618688583374023,0.30758243799209595,,0,185.4686737060547,8.514320373535156
61,187,Linear,0.05324676400105954,768,3072,4.0,4.659280433158228,9.566600133569896,1.0024552371093407,True,113.0408,dense,9.56850471543714,3.5546865,2.0532355,bert.encoder.layer.9.output.dense,768,3586.6296,768,133,0,1,0.31729985448760395,113.0408,31.728628,success,10.632064819335938,0.27976226806640625,,0,113.04080200195312,7.099778652191162
62,193,Linear,0.035864215256844745,768,768,1.0,3.703797551073746,5.605317346901163,0.930739228671896,True,32.613483,dense,5.805052252866296,3.0959363,1.5133973,bert.encoder.layer.10.attention.self.query,767,1247.1998,768,75,1,1,0.3122076487893356,32.613483,38.241848,success,5.710821628570557,0.0002493490756023675,,1,32.61348342895508,4.531216621398926
63,194,Linear,0.026819619620315205,768,768,1.0,4.0413543993862024,5.762418782936759,0.9335780036311767,True,26.660185,dense,6.0186176495421515,3.091108,1.4258633,bert.encoder.layer.10.attention.self.key,767,1233.4113,768,47,1,1,0.44362713360855266,26.660185,46.264168,success,5.1633501052856445,0.0001573798363097012,,1,26.660184860229492,5.456438064575195
64,195,Linear,0.06208894922401731,768,768,1.0,7.873831531759688,6.911432398040207,0.9559317838378542,True,7.5469666,dense,7.040957120333365,2.8735833,0.87777245,bert.encoder.layer.10.attention.self.value,768,747.45184,768,47,0,1,1.0026513779380863,7.5469666,99.04004,success,2.7471742630004883,0.0004967330023646355,under-trained,1,7.546966552734375,3.090636968612671
65,198,Linear,0.060982526056183595,768,768,1.0,7.438877363678494,5.411571500491842,0.9606306875711705,True,5.3391423,dense,5.886191400176313,2.8172865,0.72747153,bert.encoder.layer.10.attention.output.dense,768,656.57837,768,46,0,1,0.9493606739422442,5.3391423,122.9745,success,2.3106584548950195,0.0016238593962043524,under-trained,0,5.339142322540283,2.6022844314575195
66,202,Linear,0.029209219964980493,768,3072,4.0,3.654699012294632,7.69548454575145,0.984204729459633,True,127.53842,dense,7.7153924567037695,3.5537457,2.1056411,bert.encoder.layer.10.intermediate.dense,768,3578.8687,768,68,0,1,0.32192954211510716,127.53842,28.061102,success,11.293291091918945,0.30011722445487976,,0,127.53842163085938,9.720667839050293
67,205,Linear,0.06097197827356349,768,3072,4.0,5.1816717634859675,9.914533201320543,1.0053929311479595,True,81.919075,dense,9.922507313864783,3.530661,1.913385,bert.encoder.layer.10.output.dense,768,3393.6028,768,121,0,1,0.38015197849872434,81.919075,41.426285,success,9.050915718078613,0.25764134526252747,,0,81.91907501220703,7.116278648376465
68,211,Linear,0.027602620592153237,768,768,1.0,3.1995092795809064,5.457486634784027,0.9171336396459134,True,50.783905,dense,5.632711884389095,3.08693,1.7057261,bert.encoder.layer.11.attention.self.query,767,1221.6023,768,75,1,1,0.2539774549302232,50.783905,24.05491,success,7.126282691955566,0.0003161272034049034,,1,50.783905029296875,4.061153411865234
69,212,Linear,0.02428072034696427,768,768,1.0,3.5536965589882628,5.008729847744757,0.9297635859744225,True,25.670956,dense,5.44364535773205,3.067413,1.4094422,bert.encoder.layer.11.attention.self.key,767,1167.9197,768,57,1,1,0.3382453722505615,25.670956,45.49576,success,5.066651344299316,0.00031212688190862536,,1,25.670955657958984,4.732720851898193
70,213,Linear,0.10253778175955786,768,768,1.0,14.663097587247456,12.91327777302984,0.9523599136362969,True,7.597401,dense,12.944180719615167,2.9576857,0.88066506,bert.encoder.layer.11.attention.self.value,768,907.1635,768,15,0,1,3.5277966275344093,7.597401,119.40445,success,2.756338357925415,0.00041547376895323396,under-trained,1,7.597401142120361,4.927887916564941
71,216,Linear,0.08089918641565902,768,768,1.0,8.968229270025587,7.948173009285441,0.959317621375951,True,7.6958904,dense,8.003561484206909,2.9019523,0.8862589,bert.encoder.layer.11.attention.output.dense,768,797.9068,768,37,0,1,1.3099688226091128,7.6958904,103.679596,success,2.774146795272827,0.0014792551519349217,under-trained,0,7.695890426635742,3.4901907444000244
72,220,Linear,0.022543305923456547,768,3072,4.0,3.88482628522798,7.53016029297734,0.9951149135792129,True,86.76645,dense,7.5723903694352765,3.5590293,1.9383519,bert.encoder.layer.11.intermediate.dense,768,3622.674,768,77,0,1,0.3287564664504965,86.76645,41.752014,success,9.314850807189941,0.205478236079216,,0,86.76644897460938,9.032275199890137
73,223,Linear,0.04619480247500196,768,3072,4.0,6.911144157091675,10.380694881786358,0.9948129693603942,True,31.77039,dense,10.403412483673854,3.481329,1.5020226,bert.encoder.layer.11.output.dense,768,3029.2063,768,55,0,1,0.7970585155423209,31.77039,95.34684,success,5.6365227699279785,0.22731086611747742,under-trained,0,31.770389556884766,8.932793617248535
74,227,Linear,0.03674903156525089,768,768,1.0,2.0337961836168184,4.586183472696836,0.475960564873697,True,179.88158,dense,4.7713544657855875,2.6817732,2.2549868,bert.pooler.dense,765,480.5883,768,233,3,1,0.06772623981189854,179.88158,2.6716926,success,13.411993980407715,0.00019119269563816488,,3,179.88157653808594,0.1258045881986618
75,230,Linear,0.1301920994913784,768,768,1.0,12.639449336297593,1.0347102221887057,0.9689435198165334,True,1.2074344,dense,2.0885717845663905,2.3726904,0.08186355,new_layer,768,235.87952,768,31,0,1,2.090506813471074,1.2074344,195.35597,success,1.0988332033157349,0.00027728325221687555,under-trained,1,1.2074344158172607,0.9906229376792908
